{
  "rouge1": 0.18946339729921818,
  "rouge2": 0.009836065573770491,
  "rougeL": 0.14534470504619756,
  "rougeLsum": 0.14534470504619756
}