{
  "precision": 0.350210970464135,
  "recall": 0.3721973094170404,
  "f1_score": 0.3608695652173913,
  "per_label_metrics": {
    "DATE": {
      "precision": 0.3125,
      "recall": 0.3448275862068966,
      "f1_score": 0.3278688524590164
    },
    "STATUTE": {
      "precision": 0.6363636363636364,
      "recall": 0.65625,
      "f1_score": 0.6461538461538462
    },
    "COURT": {
      "precision": 0.7352941176470589,
      "recall": 0.625,
      "f1_score": 0.6756756756756757
    },
    "SECTION": {
      "precision": 0.5454545454545454,
      "recall": 0.6666666666666666,
      "f1_score": 0.6
    },
    "PETITIONER": {
      "precision": 0.016129032258064516,
      "recall": 0.05263157894736842,
      "f1_score": 0.024691358024691357
    },
    "RESPONDENT": {
      "precision": 0.0,
      "recall": 0.0,
      "f1_score": 0.0
    },
    "CITATION": {
      "precision": 0.0,
      "recall": 0.0,
      "f1_score": 0.0
    },
    "JUDGE": {
      "precision": 0.10526315789473684,
      "recall": 0.11764705882352941,
      "f1_score": 0.1111111111111111
    }
  }
}